caller function,caller function defined,callee functions
ADfromTL_mod,ADfromTL.f90,
AERF,erf.f90,
CheckError,checkerror.f90,
ERF,erf.f90,
ERFC,erf.f90,
ERFCC,erf.f90,
FoundError,strings.f90,my_flush
GAMMLN,erf.f90,
GAMMP,erf.f90,gser, gcf
GAMMQ,erf.f90,gser, gcf
GlobalError,strings.f90,my_flush
PROCEDURE,stdinp_mod.f90,
ROMS_clock,dateclock.f90,datenum
ROMS_export_mod,roms_export.f90,
ROMS_finalize,ocean_control.f90,wrt_rst, wclock_off, memory, close_inp, close_out
ROMS_import_mod,roms_import.f90,
ROMS_initialize,ocean_control.f90,mpi_comm_rank, mpi_comm_size, initialize_parallel, inp_par, wclock_on, mod_arrays, initial
ROMS_run,ocean_control.f90,main3d
ROUND,round.f90,
TCEIL,round.f90,
TFLOOR,round.f90,
TaskError,strings.f90,my_flush
UFLOOR,round.f90,
abort,abort.f90,ROMS_finalize
adler32,get_hash.f90,
allocate_average,mod_average.f90,
allocate_boundary,mod_boundary.f90,
allocate_clima,mod_clima.f90,
allocate_coupling,mod_coupling.f90,
allocate_forces,mod_forces.f90,
allocate_grid,mod_grid.f90,
allocate_iounits,mod_iounits.f90,
allocate_mixing,mod_mixing.f90,
allocate_ncparam,mod_ncparam.f90,
allocate_nesting,mod_nesting.f90,
allocate_ocean,mod_ocean.f90,
allocate_parallel,mod_parallel.f90,
allocate_param,mod_param.f90,
allocate_scalars,mod_scalars.f90,
allocate_sources,mod_sources.f90,netcdf_inq_var
allocate_stepping,mod_stepping.f90,
allocate_tides,mod_tides.f90,netcdf_inq_var
ana_btflux,analytical.f90,ana_btflux_tile
ana_btflux_tile,analytical.f90,
ana_fsobc,analytical.f90,ana_fsobc_tile
ana_fsobc_tile,analytical.f90,
ana_m2obc,analytical.f90,ana_m2obc_tile
ana_m2obc_tile,analytical.f90,
analytical_mod,analytical.f90,
array_copy_d,nrutil.f90,
array_copy_i,nrutil.f90,
array_copy_r,nrutil.f90,
array_modes_mod,array_modes.f90,
arth_d,nrutil.f90,
arth_i,nrutil.f90,
arth_r,nrutil.f90,
back_cost_mod,back_cost.f90,
bbl_mod,bbl.f90,
bc_2d_mod,bc_2d.f90,
bc_3d_mod,bc_3d.f90,
bc_4d_mod,bc_4d.f90,
bc_bry2d_mod,bc_bry2d.f90,
bc_bry3d_mod,bc_bry3d.f90,
bc_r2d_bry_tile,bc_bry2d.f90,
bc_r2d_tile,bc_2d.f90,exchange_r2d_tile
bc_r3d_bry_tile,bc_bry3d.f90,
bc_r3d_tile,bc_3d.f90,exchange_r3d_tile
bc_r4d_tile,bc_4d.f90,exchange_r4d_tile
bc_u2d_bry_tile,bc_bry2d.f90,
bc_u2d_tile,bc_2d.f90,exchange_u2d_tile
bc_u3d_bry_tile,bc_bry3d.f90,
bc_u3d_tile,bc_3d.f90,exchange_u3d_tile
bc_u4d_tile,bc_4d.f90,exchange_u4d_tile
bc_v2d_bry_tile,bc_bry2d.f90,
bc_v2d_tile,bc_2d.f90,exchange_v2d_tile
bc_v3d_bry_tile,bc_bry3d.f90,
bc_v3d_tile,bc_3d.f90,exchange_v3d_tile
bc_v4d_tile,bc_4d.f90,exchange_v4d_tile
bc_w3d_tile,bc_3d.f90,exchange_w3d_tile
bc_w4d_tile,bc_4d.f90,exchange_w4d_tile
biology_floats_mod,biology_floats.f90,
biology_mod,biology.f90,
bry_fluxes,nesting.f90,mp_assemble, mp_assemble, mp_assemble, mp_assemble
bulk_flux,bulk_flux.f90,wclock_on, bulk_flux_tile, wclock_off
bulk_flux_mod,bulk_flux.f90,
bulk_flux_tile,bulk_flux.f90,exchange_r2d_tile, exchange_r2d_tile, exchange_r2d_tile, exchange_r2d_tile, exchange_r2d_tile, exchange_r2d_tile, exchange_u2d_tile, exchange_v2d_tile, mp_exchange2d, mp_exchange2d, mp_exchange2d
bulk_psit,bulk_flux.f90,
bulk_psiu,bulk_flux.f90,
bvf_mix_mod,bvf_mix.f90,
caldate,dateclock.f90,datevec, datevec, datevec, datevec
cgradient_mod,cgradient.f90,
check_file,check_multifile.f90,netcdf_open, netcdf_inq_var, netcdf_inq_var, netcdf_get_time, netcdf_get_time, netcdf_close
check_multifile,check_multifile.f90,time_string, time_string, multifile_info_s2d, multifile_info_s2d, multifile_info_s1d, multifile_info_s2d
checkadj,checkadj.f90,
checkdefs,checkdefs.f90,checkadj
checkvars,checkvars.f90,netcdf_check_dim, netcdf_check_var
cinterp2d,interpolate.f90,
close_inp,close_io.f90,netcdf_close, netcdf_close, netcdf_close
close_out,close_io.f90,netcdf_close, netcdf_close, netcdf_close, netcdf_close, get_date
comp_Jb0_mod,comp_Jb0.f90,
congrad_mod,congrad.f90,
conserve_mass_tile,obc_volcons.f90,
conv_2d_mod,conv_2d.f90,
conv_3d_bry_mod,conv_bry3d.f90,
conv_3d_mod,conv_3d.f90,
conv_bry2d_mod,conv_bry2d.f90,
convolve_mod,convolve.f90,
correct_tracer,nesting.f90,correct_tracer_tile
correct_tracer_tile,nesting.f90,mp_exchange4d
cost_grad_mod,cost_grad.f90,
coupler_mod,coupler.f90,
crc32,get_hash.f90,
crc32_ini,get_hash.f90,
dabc_r2d_tile,bc_2d.f90,exchange_r2d_tile
dabc_r3d_tile,bc_3d.f90,exchange_r3d_tile
dabc_u2d_tile,bc_2d.f90,exchange_u2d_tile
dabc_u3d_tile,bc_3d.f90,exchange_u3d_tile
dabc_v2d_tile,bc_2d.f90,exchange_v2d_tile
dabc_v3d_tile,bc_3d.f90,exchange_v3d_tile
dateclock_mod,dateclock.f90,
datenum,dateclock.f90,
datestr,dateclock.f90,datevec
datevec,dateclock.f90,
day_code,dateclock.f90,
decode_line,inp_decode.f90,
def_avg,def_avg.f90,netcdf_create, def_info, netcdf_enddef, wrt_info, netcdf_open, netcdf_check_dim, netcdf_inq_var
def_dai,def_dai.f90,
def_diags,def_diags.f90,
def_dim,def_dim.f90,mp_bcasti
def_error,def_error.f90,
def_floats,def_floats.f90,
def_gst,def_gst.f90,
def_hessian,def_hessian.f90,
def_his,def_his.f90,netcdf_create, def_info, netcdf_enddef, wrt_info, netcdf_open, netcdf_check_dim, netcdf_inq_var
def_impulse,def_impulse.f90,
def_info,def_info.f90,join_string, join_string, join_string, tadv_putatt, lbc_putatt, join_string, mp_bcasti
def_ini,def_ini.f90,
def_lanczos,def_lanczos.f90,
def_mod,def_mod.f90,
def_norm,def_norm.f90,
def_quick,def_quick.f90,netcdf_create, def_info, netcdf_enddef, wrt_info, netcdf_open, netcdf_check_dim, netcdf_inq_var
def_rst,def_rst.f90,netcdf_create, def_info, netcdf_enddef, wrt_info, netcdf_open, netcdf_check_dim, netcdf_inq_var
def_state,def_state.f90,netcdf_create, def_info, netcdf_enddef, wrt_info, netcdf_close, netcdf_open, netcdf_check_dim, netcdf_inq_var
def_station,def_station.f90,
def_tides,def_tides.f90,
def_var,def_var.f90,mp_bcasti
def_var_mod,def_var.f90,
diag,diag.f90,wclock_on, diag_tile, wclock_off
diag_mod,diag.f90,
diag_tile,diag.f90,mp_reduce, mp_reduce2, my_flush
distribute_mod,distribute.f90,
do_twoway,nesting.f90,
dotproduct_mod,dotproduct.f90,
edit_file_struct,edit_multifile.f90,
edit_multifile,edit_multifile.f90,netcdf_close, edit_file_struct, netcdf_close, edit_file_struct, netcdf_close, edit_file_struct, netcdf_close, edit_file_struct, netcdf_close, edit_file_struct
erf_mod,erf.f90,
esmf_roms_mod,esmf_roms.f90,
exchange_2d_mod,exchange_2d.f90,
exchange_3d_mod,exchange_3d.f90,
exchange_4d_mod,exchange_4d.f90,
exchange_p2d_tile,exchange_2d.f90,
exchange_p3d_tile,exchange_3d.f90,
exchange_p4d_tile,exchange_4d.f90,
exchange_r2d_tile,exchange_2d.f90,
exchange_r3d_tile,exchange_3d.f90,
exchange_r4d_tile,exchange_4d.f90,
exchange_u2d_tile,exchange_2d.f90,
exchange_u3d_tile,exchange_3d.f90,
exchange_u4d_tile,exchange_4d.f90,
exchange_v2d_tile,exchange_2d.f90,
exchange_v3d_tile,exchange_3d.f90,
exchange_v4d_tile,exchange_4d.f90,
exchange_w3d_tile,exchange_3d.f90,
exchange_w4d_tile,exchange_4d.f90,
extract_obs_mod,extract_obs.f90,
extract_sta2d,extract_sta.f90,mp_collect, mp_collect
extract_sta3d,extract_sta.f90,mp_collect, mp_collect
extract_sta_mod,extract_sta.f90,
fill_contact,nesting.f90,
find_file,inp_decode.f90,netcdf_open
find_string,strings.f90,
fine2coarse,nesting.f90,fine2coarse2d, fine2coarse2d, fine2coarse2d, fine2coarse3d, fine2coarse3d, fine2coarse3d, exchange_r2d_tile, exchange_u2d_tile, exchange_v2d_tile, exchange_u3d_tile, exchange_v3d_tile, exchange_r3d_tile, mp_exchange2d, mp_exchange2d, mp_exchange3d, mp_exchange4d
fine2coarse2d,nesting.f90,mp_aggregate2d, mp_aggregate2d, mp_aggregate2d, mp_aggregate2d
fine2coarse3d,nesting.f90,mp_aggregate3d, mp_aggregate2d, mp_aggregate2d, mp_aggregate2d
forcing_mod,forcing.f90,
frc_adjust_mod,frc_adjust.f90,
frc_weak_mod,frc_weak.f90,
gasdev_s,nrutil.f90,ran1, ran1
gasdev_v,nrutil.f90,ran1, ran1, array_copy
gcf,erf.f90,
get_2dfld,get_2dfld.f90,inquiry, netcdf_get_time, netcdf_get_fvar, time_string
get_2dfldr,get_2dfldr.f90,
get_3dfld,get_3dfld.f90,inquiry, netcdf_get_time, netcdf_get_fvar, time_string
get_3dfldr,get_3dfldr.f90,
get_bounds,get_bounds.f90,get_tile
get_composite,nesting.f90,get_contact2d, get_contact2d, get_contact2d, get_contact2d, get_contact2d, get_contact2d, get_contact2d, get_contact2d, get_contact2d, get_contact3d, get_contact3d, get_contact3d, get_contact3d, get_contact3d
get_contact2d,nesting.f90,mp_assemble
get_contact3d,nesting.f90,mp_assemble
get_cycle,get_cycle.f90,netcdf_inq_var, netcdf_get_time
get_data,get_data.f90,wclock_on, get_ngfld, get_ngfld, get_2dfld, get_2dfld, get_2dfld, get_2dfld, get_2dfld, get_2dfld, get_2dfld, get_2dfld, get_ngfld, get_ngfld, get_ngfld, get_ngfld, get_ngfld, get_ngfld, get_ngfld, get_ngfld, get_ngfld, get_ngfld, get_ngfld, get_ngfld, get_2dfld, get_2dfld, get_2dfld, get_3dfld, get_3dfld, get_3dfld, wclock_off
get_date,dateclock.f90,date_and_time, day_code
get_domain,get_bounds.f90,get_bounds
get_domain_edges,get_bounds.f90,tile_bounds_2d
get_grid,get_grid.f90,netcdf_open, netcdf_check_dim, netcdf_inq_var, netcdf_get_lvar, netcdf_get_fvar, netcdf_get_fvar, fill_contact, exchange_r2d_tile, mp_exchange2d, fill_contact, exchange_r2d_tile, mp_exchange2d, fill_contact, exchange_u2d_tile, mp_exchange2d, fill_contact, exchange_v2d_tile, mp_exchange2d, exchange_p2d_tile, mp_exchange2d, exchange_r2d_tile, mp_exchange2d, exchange_r2d_tile, mp_exchange2d, fill_contact, exchange_r2d_tile, mp_exchange2d, fill_contact, exchange_r2d_tile, mp_exchange2d, fill_contact, exchange_r2d_tile, mp_exchange2d, fill_contact, exchange_r2d_tile, mp_exchange2d, fill_contact, exchange_r2d_tile, mp_exchange2d, mp_exchange2d, mp_exchange2d, fill_contact, mp_exchange2d, fill_contact, mp_exchange2d, fill_contact, mp_exchange2d, fill_contact, mp_exchange2d, fill_contact, mp_exchange2d, fill_contact, mp_exchange2d, mp_exchange2d, mp_exchange2d, fill_contact, mp_exchange2d, fill_contact, mp_exchange2d, fill_contact, mp_exchange2d, fill_contact, mp_exchange2d, fill_contact, mp_exchange2d, fill_contact, mp_exchange2d, fill_contact, exchange_r2d_tile, mp_exchange2d, netcdf_close
get_gst,get_gst.f90,
get_hash,get_hash.f90,adler32, crc32_ini, crc32
get_hash_mod,get_hash.f90,
get_idata,get_idata.f90,wclock_on, get_ngfld, get_2dfld, get_2dfld, get_2dfld, get_2dfld, get_2dfld, get_2dfld, get_ngfld, get_ngfld, get_ngfld, get_ngfld, wclock_off
get_iobounds,get_bounds.f90,
get_metrics,nesting.f90,mp_assemble, mp_assemble
get_ngfld,get_ngfld.f90,inquiry, netcdf_get_time, netcdf_get_fvar, netcdf_get_fvar, time_string
get_ngfldr,get_ngfldr.f90,
get_nudgcoef,get_nudgcoef.f90,netcdf_open, netcdf_check_dim, netcdf_inq_var, netcdf_inq_var, exchange_r2d_tile, mp_exchange2d, netcdf_inq_var, exchange_r3d_tile, mp_exchange3d, netcdf_inq_var, exchange_r3d_tile, mp_exchange4d
get_persisted2d,nesting.f90,mp_assemble
get_refine,nesting.f90,get_contact2d, get_contact2d, get_contact2d, get_persisted2d, get_persisted2d, get_contact3d, get_contact3d, get_contact3d
get_state,get_state.f90,wclock_on, netcdf_open, checkvars, lbc_getatt, netcdf_inq_var, netcdf_get_time, time_string, time_string, mp_exchange3d, mp_exchange3d, mp_exchange3d, netcdf_close, wclock_off
get_tile,get_bounds.f90,tile_bounds_2d, var_bounds
get_varcoords,get_varcoords.f90,netcdf_inq_var, netcdf_inq_var, netcdf_get_fvar, netcdf_get_fvar, netcdf_inq_var, netcdf_get_fvar, netcdf_get_fvar
get_wetdry,get_wetdry.f90,
getpar_0d_i,stdinp_mod.f90,
getpar_0d_l,stdinp_mod.f90,
getpar_0d_r,stdinp_mod.f90,
getpar_0d_s,stdinp_mod.f90,
getpar_1d_i,stdinp_mod.f90,
getpar_1d_l,stdinp_mod.f90,
getpar_1d_r,stdinp_mod.f90,
gls_corstep_mod,gls_corstep.f90,
gls_prestep_mod,gls_prestep.f90,
grid_coords,grid_coords.f90,
gser,erf.f90,
hindices,interpolate.f90,
hmixing_mod,hmixing.f90,
i4dvar_mod,i4dvar.f90,
ini_adjust_mod,ini_adjust.f90,
ini_fields,ini_fields.f90,wclock_on, ini_fields_tile, wclock_off
ini_fields_mod,ini_fields.f90,
ini_fields_tile,ini_fields.f90,u3dbc_tile, v3dbc_tile, u3dbc_tile, v3dbc_tile, exchange_u3d_tile, exchange_v3d_tile, exchange_u3d_tile, exchange_v3d_tile, mp_exchange3d, u2dbc_tile, v2dbc_tile, u2dbc_tile, v2dbc_tile, exchange_u2d_tile, exchange_v2d_tile, exchange_u2d_tile, exchange_v2d_tile, mp_exchange2d, t3dbc_tile, t3dbc_tile, exchange_r3d_tile, exchange_r3d_tile, mp_exchange4d
ini_hmixcoef,ini_hmixcoef.f90,ini_hmixcoef_tile
ini_hmixcoef_mod,ini_hmixcoef.f90,
ini_hmixcoef_tile,ini_hmixcoef.f90,exchange_r2d_tile, exchange_p2d_tile, exchange_r2d_tile, mp_exchange2d, mp_exchange3d
ini_lanczos_mod,ini_lanczos.f90,
ini_zeta,ini_fields.f90,wclock_on, ini_zeta_tile, wclock_off
ini_zeta_tile,ini_fields.f90,zetabc_tile, zetabc_tile, exchange_r2d_tile, exchange_r2d_tile, exchange_r2d_tile, mp_exchange2d, mp_exchange2d, exchange_r2d_tile, mp_exchange2d
initial,initial.f90,time_string, wclock_on, mpi_comm_rank, mpi_comm_size, mpi_comm_rank, mpi_comm_size, set_grid, mpi_comm_rank, mpi_comm_size, ini_hmixcoef, get_state, mp_bcasti, set_depth0, set_depth, set_massflux, omega, rho_eos, close_inp, check_multifile, mp_bcasti, get_idata, get_data, mp_bcasti, set_masks, nesting, nesting, nesting, nesting, nesting, stiffness, wclock_off
initialize_average,mod_average.f90,
initialize_boundary,mod_boundary.f90,
initialize_clima,mod_clima.f90,
initialize_coupling,mod_coupling.f90,
initialize_forces,mod_forces.f90,
initialize_grid,mod_grid.f90,
initialize_mixing,mod_mixing.f90,
initialize_ncparam,mod_ncparam.f90,
initialize_nesting,mod_nesting.f90,
initialize_ocean,mod_ocean.f90,
initialize_parallel,mod_parallel.f90,mpi_comm_size, mpi_comm_rank
initialize_param,mod_param.f90,
initialize_scalars,mod_scalars.f90,
initialize_tides,mod_tides.f90,
inner2state_mod,inner2state.f90,
inp_decode_mod,inp_decode.f90,
inp_par,inp_par.f90,get_date, mp_bcasts, my_getarg, mp_bcasts, read_PhyPar, mp_bcasti, set_contact, get_domain_edges, get_tile, get_bounds, get_bounds, get_bounds, get_bounds, get_bounds, get_bounds, get_bounds, get_bounds, get_bounds, get_iobounds, get_bounds, get_domain, get_bounds, get_domain, get_bounds, get_domain, mp_bcasti, tadv_report, lbc_report, checkdefs, my_flush, mp_bcasti, mp_bcasts, ran_seed
inp_par_mod,inp_par.f90,
inquiry,inquiry.f90,netcdf_close, netcdf_open, netcdf_check_dim, netcdf_inq_var, get_cycle, netcdf_close, netcdf_open, netcdf_get_time
interp_floats_mod,interp_floats.f90,
interpolate_mod,interpolate.f90,
join_string,strings.f90,
lanc_resid_mod,lanc_resid.f90,
lbc_getatt,lbc.f90,mp_bcasti, mp_bcasts
lbc_putatt,lbc.f90,
lbc_report,lbc.f90,
linterp2d,interpolate.f90,
lmd_bkpp,lmd_bkpp.f90,lmd_bkpp_tile
lmd_bkpp_mod,lmd_bkpp.f90,
lmd_bkpp_tile,lmd_bkpp.f90,lmd_swfrac_tile, lmd_swfrac_tile, bc_r2d_tile, mp_exchange2d, lmd_swfrac_tile
lmd_finish,lmd_vmix.f90,lmd_finish_tile
lmd_finish_tile,lmd_vmix.f90,bc_w3d_tile, bc_w3d_tile, mp_exchange3d, mp_exchange4d
lmd_skpp,lmd_skpp.f90,lmd_skpp_tile
lmd_skpp_mod,lmd_skpp.f90,
lmd_skpp_tile,lmd_skpp.f90,lmd_swfrac_tile, lmd_swfrac_tile, bc_r2d_tile, mp_exchange2d, lmd_swfrac_tile
lmd_swfrac_tile,lmd_swfrac.f90,
lmd_vmix,lmd_vmix.f90,wclock_on, lmd_vmix_tile, lmd_skpp, lmd_bkpp, lmd_finish, wclock_off
lmd_vmix_mod,lmd_vmix.f90,
lmd_vmix_tile,lmd_vmix.f90,
load_0d_i,inp_decode.f90,
load_0d_l,inp_decode.f90,
load_0d_r8,inp_decode.f90,
load_1d_i,inp_decode.f90,
load_1d_l,inp_decode.f90,
load_1d_r8,inp_decode.f90,
load_2d_i,inp_decode.f90,
load_2d_l,inp_decode.f90,
load_2d_r8,inp_decode.f90,
load_3d_i,inp_decode.f90,
load_3d_l,inp_decode.f90,
load_3d_r8,inp_decode.f90,
load_lbc,inp_decode.f90,
load_s1d1,inp_decode.f90,
load_s1d2,inp_decode.f90,
load_s2d,inp_decode.f90,
load_tadv,inp_decode.f90,
lowercase,strings.f90,
lubksb,lubksb.f90,
ludcmp,ludcmp.f90,
main2d,main2d.f90,
main3d,main3d.f90,MPI_COMM_RANK, MPI_COMM_SIZE, ntimesteps, time_string, get_data, set_data, ini_zeta, set_depth, ini_fields, nesting, set_massflux, rho_eos, diag, bulk_flux, set_vbc, set_tides, nesting, lmd_vmix, omega, wvelocity, set_zeta, set_avg, nesting, output, nesting, rhs3d, nesting, step2d, nesting, nesting, step2d, nesting, nesting, nesting, set_depth, nesting, step3d_uv, nesting, omega, step3d_t, nesting, nesting, nesting
mask_hweights,nesting.f90,mp_assemble, mp_assemble, mp_assemble
memory,memory.f90,mp_collect, mp_collect
metrics,metrics.f90,metrics_tile
metrics_mod,metrics.f90,
metrics_tile,metrics.f90,exchange_r2d_tile, exchange_r2d_tile, exchange_r2d_tile, exchange_r2d_tile, mp_exchange2d, exchange_r2d_tile, exchange_r2d_tile, mp_exchange2d, exchange_u2d_tile, exchange_u2d_tile, exchange_u2d_tile, exchange_u2d_tile, mp_exchange2d, exchange_v2d_tile, exchange_v2d_tile, exchange_v2d_tile, exchange_v2d_tile, mp_exchange2d, exchange_p2d_tile, exchange_p2d_tile, exchange_p2d_tile, exchange_p2d_tile, mp_exchange2d, exchange_p2d_tile, mp_exchange2d, exchange_r2d_tile, exchange_r2d_tile, mp_exchange2d, exchange_r2d_tile, mp_exchange2d, set_depth_tile, mp_reduce
mod_arrays,mod_arrays.f90,wclock_on, allocate_average, allocate_boundary, allocate_clima, allocate_coupling, allocate_forces, allocate_grid, allocate_mixing, allocate_ocean, allocate_tides, allocate_sources, allocate_nesting, initialize_nesting, initialize_average, initialize_boundary, initialize_clima, initialize_coupling, initialize_forces, initialize_grid, initialize_mixing, initialize_ocean, initialize_tides, wclock_off
mod_average,mod_average.f90,
mod_bbl,mod_bbl.f90,
mod_behavior,mod_behavior.f90,
mod_biology,mod_biology.f90,
mod_boundary,mod_boundary.f90,
mod_clima,mod_clima.f90,
mod_coupler,mod_coupler.f90,
mod_coupling,mod_coupling.f90,
mod_diags,mod_diags.f90,
mod_eclight,mod_eclight.f90,
mod_eoscoef,mod_eoscoef.f90,
mod_floats,mod_floats.f90,
mod_forces,mod_forces.f90,
mod_fourdvar,mod_fourdvar.f90,
mod_grid,mod_grid.f90,
mod_iounits,mod_iounits.f90,
mod_kinds,mod_kinds.f90,
mod_mixing,mod_mixing.f90,
mod_ncparam,mod_ncparam.f90,
mod_nesting,mod_nesting.f90,
mod_netcdf,mod_netcdf.f90,
mod_ocean,mod_ocean.f90,
mod_parallel,mod_parallel.f90,
mod_param,mod_param.f90,
mod_scalars,mod_scalars.f90,
mod_sedbed,mod_sedbed.f90,
mod_sediment,mod_sediment.f90,
mod_sources,mod_sources.f90,
mod_stepping,mod_stepping.f90,
mod_storage,mod_storage.f90,
mod_strings,mod_strings.f90,
mod_tides,mod_tides.f90,
mp_aggregate2d,distribute.f90,wclock_on, mpi_allgather, mpi_error_string, wclock_off
mp_aggregate3d,distribute.f90,wclock_on, mpi_allgather, mpi_error_string, wclock_off
mp_assemblef_1d,distribute.f90,wclock_on, mpi_irecv, mpi_wait, mpi_error_string, mpi_isend, mpi_wait, mpi_error_string, mpi_bcast, mpi_error_string, wclock_off
mp_assemblef_2d,distribute.f90,wclock_on, mpi_irecv, mpi_wait, mpi_error_string, mpi_isend, mpi_wait, mpi_error_string, mpi_bcast, mpi_error_string, wclock_off
mp_assemblef_3d,distribute.f90,wclock_on, mpi_irecv, mpi_wait, mpi_error_string, mpi_isend, mpi_wait, mpi_error_string, mpi_bcast, mpi_error_string, wclock_off
mp_assemblei_1d,distribute.f90,wclock_on, mpi_irecv, mpi_wait, mpi_error_string, mpi_isend, mpi_wait, mpi_error_string, mpi_bcast, mpi_error_string, wclock_off
mp_assemblei_2d,distribute.f90,wclock_on, mpi_irecv, mpi_wait, mpi_error_string, mpi_isend, mpi_wait, mpi_error_string, mpi_bcast, mpi_error_string, wclock_off
mp_barrier,distribute.f90,wclock_on, mpi_barrier, wclock_off
mp_bcast_struc,distribute.f90,wclock_on, mpi_bcast, mpi_error_string, mpi_bcast, mpi_error_string, mpi_bcast, mpi_error_string, mpi_bcast, mpi_error_string, mpi_bcast, mpi_error_string, mpi_bcast, mpi_error_string, mpi_bcast, mpi_error_string, wclock_off
mp_bcastf_0d,distribute.f90,wclock_on, mpi_bcast, mpi_error_string, wclock_off
mp_bcastf_1d,distribute.f90,wclock_on, mpi_bcast, mpi_error_string, wclock_off
mp_bcastf_2d,distribute.f90,wclock_on, mpi_bcast, mpi_error_string, wclock_off
mp_bcastf_3d,distribute.f90,wclock_on, mpi_bcast, mpi_error_string, wclock_off
mp_bcastf_4d,distribute.f90,wclock_on, mpi_bcast, mpi_error_string, wclock_off
mp_bcasti_0d,distribute.f90,wclock_on, mpi_bcast, mpi_error_string, wclock_off
mp_bcasti_1d,distribute.f90,wclock_on, mpi_bcast, mpi_error_string, wclock_off
mp_bcasti_2d,distribute.f90,wclock_on, mpi_bcast, mpi_error_string, wclock_off
mp_bcastl_0d,distribute.f90,wclock_on, mpi_bcast, mpi_error_string, wclock_off
mp_bcastl_1d,distribute.f90,wclock_on, mpi_bcast, mpi_error_string, wclock_off
mp_bcastl_2d,distribute.f90,wclock_on, mpi_bcast, mpi_error_string, wclock_off
mp_bcasts_0d,distribute.f90,wclock_on, mpi_bcast, mpi_error_string, wclock_off
mp_bcasts_1d,distribute.f90,wclock_on, mpi_bcast, mpi_error_string, wclock_off
mp_bcasts_2d,distribute.f90,wclock_on, mpi_bcast, mpi_error_string, wclock_off
mp_bcasts_3d,distribute.f90,wclock_on, mpi_bcast, mpi_error_string, wclock_off
mp_boundary,distribute.f90,wclock_on, mpi_allreduce, mpi_error_string, wclock_off
mp_collect_f,distribute.f90,wclock_on, mpi_irecv, mpi_wait, mpi_error_string, mpi_isend, mpi_wait, mpi_error_string, mpi_bcast, mpi_error_string, wclock_off
mp_collect_i,distribute.f90,wclock_on, mpi_irecv, mpi_wait, mpi_error_string, mpi_isend, mpi_wait, mpi_error_string, mpi_bcast, mpi_error_string, wclock_off
mp_dump,distribute.f90,my_flush, my_flush, my_flush
mp_exchange2d,mp_exchange.f90,wclock_on, tile_neighbors, mpi_irecv, mpi_irecv, mpi_send, mpi_send, mpi_wait, mpi_error_string, mpi_wait, mpi_error_string, mpi_irecv, mpi_irecv, mpi_send, mpi_send, mpi_wait, mpi_error_string, mpi_wait, mpi_error_string, wclock_off
mp_exchange2d_bry,mp_exchange.f90,wclock_on, tile_neighbors, mpi_irecv, mpi_irecv, mpi_send, mpi_send, mpi_wait, mpi_error_string, mpi_wait, mpi_error_string, mpi_irecv, mpi_irecv, mpi_send, mpi_send, mpi_wait, mpi_error_string, mpi_wait, mpi_error_string, wclock_off
mp_exchange3d,mp_exchange.f90,wclock_on, tile_neighbors, mpi_irecv, mpi_irecv, mpi_send, mpi_send, mpi_wait, mpi_error_string, mpi_wait, mpi_error_string, mpi_irecv, mpi_irecv, mpi_send, mpi_send, mpi_wait, mpi_error_string, mpi_wait, mpi_error_string, wclock_off
mp_exchange3d_bry,mp_exchange.f90,wclock_on, tile_neighbors, mpi_irecv, mpi_irecv, mpi_send, mpi_send, mpi_wait, mpi_error_string, mpi_wait, mpi_error_string, mpi_irecv, mpi_irecv, mpi_send, mpi_send, mpi_wait, mpi_error_string, mpi_wait, mpi_error_string, wclock_off
mp_exchange4d,mp_exchange.f90,wclock_on, tile_neighbors, mpi_irecv, mpi_irecv, mpi_send, mpi_send, mpi_wait, mpi_error_string, mpi_wait, mpi_error_string, mpi_irecv, mpi_irecv, mpi_send, mpi_send, mpi_wait, mpi_error_string, mpi_wait, mpi_error_string, wclock_off
mp_exchange_mod,mp_exchange.f90,
mp_gather2d,distribute.f90,wclock_on, mpi_irecv, mpi_wait, mpi_error_string, mpi_isend, mpi_wait, mpi_error_string, wclock_off
mp_gather3d,distribute.f90,wclock_on, mpi_irecv, mpi_wait, mpi_error_string, mpi_isend, mpi_wait, mpi_error_string, wclock_off
mp_gather_state,distribute.f90,wclock_on, mpi_allgather, mpi_error_string, mpi_irecv, mpi_wait, mpi_error_string, mpi_isend, mpi_wait, mpi_error_string, mpi_bcast, mpi_error_string, wclock_off
mp_ncread1d,distribute.f90,wclock_on, mpi_allgather, mpi_error_string, mpi_irecv, mpi_wait, mpi_error_string, mpi_isend, mpi_wait, mpi_error_string, mp_bcasti, wclock_off
mp_ncread2d,distribute.f90,wclock_on, mpi_allgather, mpi_error_string, mpi_irecv, mpi_wait, mpi_error_string, mpi_isend, mpi_wait, mpi_error_string, mp_bcasti, wclock_off
mp_ncwrite1d,distribute.f90,wclock_on, mpi_allgather, mpi_error_string, mpi_irecv, mpi_wait, mpi_error_string, mpi_isend, mpi_wait, mpi_error_string, mp_bcasti, wclock_off
mp_ncwrite2d,distribute.f90,wclock_on, mpi_allgather, mpi_error_string, mpi_irecv, mpi_wait, mpi_error_string, mpi_isend, mpi_wait, mpi_error_string, mp_bcasti, wclock_off
mp_reduce2,distribute.f90,wclock_on, mpi_allreduce, mpi_error_string, wclock_off
mp_reduce_0d,distribute.f90,wclock_on, mpi_allreduce, mpi_error_string, wclock_off
mp_reduce_1d,distribute.f90,wclock_on, mpi_allreduce, mpi_error_string, wclock_off
mp_scatter2d,distribute.f90,wclock_on, mpi_bcast, mpi_error_string, wclock_off
mp_scatter3d,distribute.f90,wclock_on, mpi_bcast, mpi_error_string, wclock_off
mp_scatter_state,distribute.f90,wclock_on, mpi_irecv, mpi_wait, mpi_error_string, mpi_isend, mpi_wait, mpi_error_string, mpi_bcast, mpi_error_string, wclock_off
mpdata_adiff_mod,mpdata_adiff.f90,
mpdata_adiff_tile,mpdata_adiff.f90,
multifile_info_s1d,check_multifile.f90,time_string, time_string, time_string, time_string
multifile_info_s2d,check_multifile.f90,time_string, time_string, time_string, time_string
my25_corstep_mod,my25_corstep.f90,
my25_prestep_mod,my25_prestep.f90,
my_flush,mp_routines.f90,
my_getarg,mp_routines.f90,getarg
my_getpid,mp_routines.f90,
my_numthreads,mp_routines.f90,
my_threadnum,mp_routines.f90,
my_wtime,mp_routines.f90,cpu_time
nesting,nesting.f90,wclock_on, z_weights, mask_hweights, get_metrics, get_refine, put_refine, put_refine, correct_tracer, fine2coarse, set_depth, fine2coarse, get_composite, put_composite, wclock_off
nesting_mod,nesting.f90,
netcdf_check_dim,mod_netcdf.f90,netcdf_get_dim, netcdf_get_dim
netcdf_check_var,mod_netcdf.f90,netcdf_inq_var, netcdf_inq_var, netcdf_get_ivar, netcdf_get_ivar, netcdf_get_ivar, netcdf_get_ivar, netcdf_get_fvar, netcdf_get_fvar, netcdf_get_fvar, netcdf_get_fvar, netcdf_get_fvar, netcdf_get_fvar, netcdf_get_fvar, netcdf_get_fvar
netcdf_close,mod_netcdf.f90,my_flush, mp_bcasti
netcdf_create,mod_netcdf.f90,my_flush, mp_bcasti
netcdf_enddef,mod_netcdf.f90,mp_bcasti
netcdf_get_dim,mod_netcdf.f90,netcdf_open, mp_bcasti, mp_bcasti, mp_bcasti, mp_bcasti, mp_bcasts, netcdf_close
netcdf_get_fatt,mod_netcdf.f90,netcdf_open, mp_bcasti, mp_bcastf, netcdf_close
netcdf_get_fvar_0d,mod_netcdf.f90,netcdf_open, mp_bcasti, mp_bcastf, netcdf_close
netcdf_get_fvar_1d,mod_netcdf.f90,netcdf_open, mp_bcasti, mp_bcastf, netcdf_get_fatt, netcdf_close
netcdf_get_fvar_2d,mod_netcdf.f90,netcdf_open, mp_bcasti, mp_bcastf, netcdf_get_fatt, netcdf_close
netcdf_get_fvar_3d,mod_netcdf.f90,netcdf_open, mp_bcasti, mp_bcastf, netcdf_get_fatt, netcdf_close
netcdf_get_fvar_4d,mod_netcdf.f90,netcdf_open, mp_bcasti, mp_bcastf, netcdf_get_fatt, netcdf_close
netcdf_get_ivar_0d,mod_netcdf.f90,netcdf_open, mp_bcasti, mp_bcasti, netcdf_close
netcdf_get_ivar_1d,mod_netcdf.f90,netcdf_open, mp_bcasti, mp_bcasti, netcdf_close
netcdf_get_ivar_2d,mod_netcdf.f90,netcdf_open, mp_bcasti, mp_bcasti, netcdf_close
netcdf_get_lvar_0d,mod_netcdf.f90,netcdf_open, mp_bcasti, mp_bcastl, netcdf_close
netcdf_get_lvar_1d,mod_netcdf.f90,netcdf_open, mp_bcasti, mp_bcastl, netcdf_close
netcdf_get_satt,mod_netcdf.f90,netcdf_open, mp_bcasti, mp_bcasti, mp_bcasts, netcdf_close
netcdf_get_svar_0d,mod_netcdf.f90,netcdf_open, mp_bcasti, mp_bcasts, netcdf_close
netcdf_get_svar_1d,mod_netcdf.f90,netcdf_open, mp_bcasti, mp_bcasts, netcdf_close
netcdf_get_svar_2d,mod_netcdf.f90,netcdf_open, mp_bcasti, mp_bcasts, netcdf_close
netcdf_get_svar_3d,mod_netcdf.f90,netcdf_open, mp_bcasti, mp_bcasts, netcdf_close
netcdf_get_time_0d,mod_netcdf.f90,netcdf_open, mp_bcasti, mp_bcastf, netcdf_get_fatt, netcdf_get_satt, time_units, datenum, datestr, datestr, datestr, datestr, netcdf_close
netcdf_get_time_1d,mod_netcdf.f90,netcdf_open, mp_bcasti, mp_bcastf, netcdf_get_fatt, netcdf_get_satt, time_units, datenum, datestr, datestr, datestr, datestr, netcdf_close
netcdf_inq_var,mod_netcdf.f90,netcdf_open, mp_bcasti, mp_bcasti, mp_bcasti, mp_bcasti, mp_bcasti, mp_bcasti, mp_bcasti, mp_bcasti, mp_bcasti, mp_bcasts, mp_bcasts, mp_bcasti, mp_bcasts, mp_bcasti, mp_bcasts, mp_bcasts, mp_bcasti, mp_bcastf, netcdf_close
netcdf_inq_varid,mod_netcdf.f90,mp_bcasti
netcdf_open,mod_netcdf.f90,my_flush, mp_bcasti
netcdf_put_fvar_0d,mod_netcdf.f90,netcdf_open, mp_bcasti, netcdf_close
netcdf_put_fvar_1d,mod_netcdf.f90,netcdf_open, mp_bcasti, netcdf_close
netcdf_put_fvar_2d,mod_netcdf.f90,netcdf_open, mp_bcasti, netcdf_close
netcdf_put_fvar_3d,mod_netcdf.f90,netcdf_open, mp_bcasti, netcdf_close
netcdf_put_fvar_4d,mod_netcdf.f90,netcdf_open, mp_bcasti, netcdf_close
netcdf_put_ivar_0d,mod_netcdf.f90,netcdf_open, mp_bcasti, netcdf_close
netcdf_put_ivar_1d,mod_netcdf.f90,netcdf_open, mp_bcasti, netcdf_close
netcdf_put_ivar_2d,mod_netcdf.f90,netcdf_open, mp_bcasti, netcdf_close
netcdf_put_lvar_0d,mod_netcdf.f90,netcdf_open, mp_bcasti, netcdf_close
netcdf_put_lvar_1d,mod_netcdf.f90,netcdf_open, mp_bcasti, netcdf_close
netcdf_put_lvar_2d,mod_netcdf.f90,netcdf_open, mp_bcasti, netcdf_close
netcdf_put_svar_0d,mod_netcdf.f90,netcdf_open, mp_bcasti, netcdf_close
netcdf_put_svar_1d,mod_netcdf.f90,netcdf_open, mp_bcasti, netcdf_close
netcdf_put_svar_2d,mod_netcdf.f90,netcdf_open, mp_bcasti, netcdf_close
netcdf_put_svar_3d,mod_netcdf.f90,netcdf_open, mp_bcasti, netcdf_close
netcdf_redef,mod_netcdf.f90,mp_bcasti
netcdf_sync,mod_netcdf.f90,mp_bcasti
nf_fread2d,nf_fread2d.f90,netcdf_get_fatt, get_hash, mp_bcasti, mp_scatter2d, mp_bcastf, regrid, regrid, regrid, regrid, regrid
nf_fread2d_bry,nf_fread2d_bry.f90,netcdf_get_fatt, get_hash, mp_bcastf, mp_bcastf
nf_fread2d_bry_mod,nf_fread2d_bry.f90,
nf_fread2d_mod,nf_fread2d.f90,
nf_fread3d,nf_fread3d.f90,netcdf_get_fatt, get_hash, mp_bcasti, mp_scatter3d
nf_fread3d_bry,nf_fread3d_bry.f90,netcdf_get_fatt, get_hash, mp_bcastf, mp_bcastf
nf_fread3d_bry_mod,nf_fread3d_bry.f90,
nf_fread3d_mod,nf_fread3d.f90,
nf_fread4d,nf_fread4d.f90,netcdf_get_fatt, get_hash, mp_bcasti, mp_scatter3d
nf_fread4d_mod,nf_fread4d.f90,
nf_fwrite2d,nf_fwrite2d.f90,mp_gather2d, mp_bcasti
nf_fwrite2d_bry,nf_fwrite2d_bry.f90,mp_collect, mp_bcasti
nf_fwrite2d_bry_mod,nf_fwrite2d_bry.f90,
nf_fwrite2d_mod,nf_fwrite2d.f90,
nf_fwrite3d,nf_fwrite3d.f90,mp_gather3d, mp_bcasti
nf_fwrite3d_bry,nf_fwrite3d_bry.f90,mp_collect, mp_bcasti
nf_fwrite3d_bry_mod,nf_fwrite3d_bry.f90,
nf_fwrite3d_mod,nf_fwrite3d.f90,
nf_fwrite4d,nf_fwrite4d.f90,mp_gather3d, mp_bcasti
nf_fwrite4d_mod,nf_fwrite4d.f90,
normalization_mod,normalization.f90,
nrerror,nrutil.f90,
nrutil,nrutil.f90,
ntimesteps,ntimestep.f90,
obc_adjust_mod,obc_adjust.f90,
obc_flux,obc_volcons.f90,obc_flux_tile
obc_flux_tile,obc_volcons.f90,mp_reduce
obc_volcons_mod,obc_volcons.f90,
obs_cost,obs_cost.f90,
obs_depth,obs_depth.f90,
obs_initial,obs_initial.f90,
obs_k2z,obs_k2z.f90,
obs_k2z_mod,obs_k2z.f90,
obs_read,obs_read.f90,
obs_write,obs_write.f90,
ocean,master.f90,mpi_init, mpi_comm_rank, ROMS_initialize, ROMS_run, ROMS_finalize, mpi_finalize
ocean_control_mod,ocean_control.f90,
omega,omega.f90,wclock_on, omega_tile, wclock_off
omega_mod,omega.f90,
omega_tile,omega.f90,bc_w3d_tile, mp_exchange3d
output,output.f90,wclock_on, mp_bcasts, netcdf_close, def_his, def_his, wrt_his, wrt_his, mp_bcasts, netcdf_close, def_quick, def_quick, wrt_quick, wrt_quick, mp_bcasts, netcdf_close, def_avg, def_avg, wrt_avg, def_rst, wrt_rst, wclock_off
packing_mod,packing.f90,
posterior_mod,posterior.f90,
posterior_var_mod,posterior_var.f90,
pre_step3d,pre_step3d.f90,wclock_on, pre_step3d_tile, wclock_off
pre_step3d_mod,pre_step3d.f90,
pre_step3d_tile,pre_step3d.f90,lmd_swfrac_tile, t3dbc_tile, exchange_r3d_tile, mp_exchange4d
propagator_mod,propagator.f90,
prsgrd,prsgrd.f90,wclock_on, prsgrd_tile, wclock_off
prsgrd_mod,prsgrd.f90,
prsgrd_tile,prsgrd.f90,
put_composite,nesting.f90,put_contact2d, put_contact2d, mp_exchange2d, put_contact2d, mp_exchange2d, put_contact2d, mp_exchange2d, put_contact2d, put_contact2d, mp_exchange2d, put_contact2d, put_contact2d, put_contact2d, mp_exchange2d, put_contact3d, mp_exchange4d, put_contact3d, put_contact3d, mp_exchange3d, put_contact3d, put_contact3d, mp_exchange3d
put_contact2d,nesting.f90,
put_contact3d,nesting.f90,
put_refine,nesting.f90,put_refine2d, put_refine2d, put_refine3d
put_refine2d,nesting.f90,mp_exchange2d, mp_exchange2d, mp_exchange2d
put_refine3d,nesting.f90,mp_exchange4d, mp_exchange3d
r4dvar_mod,r4dvar.f90,
radiation_stress_mod,radiation_stress.f90,
ran1_s,ran1.f90,ran_init
ran1_v,ran1.f90,ran_init
ran_deallocate,ran_state.f90,
ran_hash_s,ran_state.f90,
ran_hash_v,ran_state.f90,
ran_init,ran_state.f90,nrerror, nrerror, nrerror, nrerror, nrerror, nrerror, nrerror, nrerror, nrerror, nrerror, ran_hash
ran_seed,ran_state.f90,ran_deallocate
ran_state,ran_state.f90,
random_ic_mod,random_ic.f90,
rbl4dvar_mod,rbl4dvar.f90,
read_AssPar,read_asspar.f90,
read_BioPar,read_biopar.f90,
read_CouplePar,read_couplepar.f90,
read_FltBioPar,read_fltbiopar.f90,
read_FltPar,read_fltpar.f90,
read_PhyPar,read_phypar.f90,allocate_param, allocate_parallel, allocate_iounits, allocate_stepping, initialize_param, allocate_scalars, initialize_scalars, allocate_ncparam, initialize_ncparam, ref_clock, edit_file_struct, edit_file_struct, edit_file_struct
read_SedPar,read_sedpar.f90,
read_StaPar,read_stapar.f90,
reallocate_hv,nrutil.f90,nrerror
reallocate_im,nrutil.f90,nrerror
reallocate_iv,nrutil.f90,nrerror
reallocate_rm,nrutil.f90,nrerror
reallocate_rv,nrutil.f90,nrerror
ref_clock,dateclock.f90,datenum, datenum
regrid,regrid.f90,get_varcoords, hindices, linterp2d, cinterp2d, mp_reduce
rep_matrix,rep_matrix.f90,
rho_eos,rho_eos.f90,wclock_on, rho_eos_tile, wclock_off
rho_eos_mod,rho_eos.f90,
rho_eos_tile,rho_eos.f90,exchange_r3d_tile, exchange_r3d_tile, exchange_w3d_tile, exchange_r2d_tile, exchange_r2d_tile, exchange_r2d_tile, exchange_r2d_tile, exchange_w3d_tile, mp_exchange3d, mp_exchange3d, mp_exchange2d, mp_exchange2d, mp_exchange3d
rhs3d,rhs3d.f90,pre_step3d, prsgrd, t3dmix4, wclock_on, rhs3d_tile, wclock_off, uv3dmix2
rhs3d_mod,rhs3d.f90,
rhs3d_tile,rhs3d.f90,
round_mod,round.f90,
rpcg_lanczos_mod,rpcg_lanczos.f90,
scale_omega,omega.f90,exchange_w3d_tile, mp_exchange3d
sed_bed_mod,sed_bed.f90,
sed_bedload_mod,sed_bedload.f90,
sed_fluxes_mod,sed_fluxes.f90,
sed_settling_mod,sed_settling.f90,
sed_surface_mod,sed_surface.f90,
sediment_mod,sediment.f90,
set_2dfld_mod,set_2dfld.f90,
set_2dfld_tile,set_2dfld.f90,exchange_r2d_tile, exchange_u2d_tile, exchange_v2d_tile, mp_exchange2d, mp_exchange2d
set_2dfldr_mod,set_2dfldr.f90,
set_3dfld_mod,set_3dfld.f90,
set_3dfld_tile,set_3dfld.f90,exchange_r3d_tile, exchange_u3d_tile, exchange_v3d_tile, exchange_w3d_tile, mp_exchange3d, mp_exchange3d
set_3dfldr_mod,set_3dfldr.f90,
set_DUV_bc_tile,obc_volcons.f90,mp_exchange2d, mp_exchange2d
set_avg,set_avg.f90,wclock_on, set_avg_tile, wclock_off
set_avg_mod,set_avg.f90,
set_avg_tile,set_avg.f90,vorticity_tile, uv_rotate2d, uv_rotate3d, uv_rotate2d, uv_rotate3d, exchange_r2d_tile, mp_exchange2d, exchange_u2d_tile, mp_exchange2d, exchange_v2d_tile, mp_exchange2d, exchange_r2d_tile, exchange_r2d_tile, mp_exchange2d, exchange_u3d_tile, mp_exchange3d, exchange_v3d_tile, mp_exchange3d, exchange_r3d_tile, exchange_r3d_tile, mp_exchange3d, exchange_w3d_tile, mp_exchange3d, exchange_w3d_tile, mp_exchange3d, exchange_r3d_tile, mp_exchange3d, exchange_r3d_tile, mp_exchange3d, exchange_w3d_tile, mp_exchange3d, exchange_w3d_tile, mp_exchange3d, exchange_w3d_tile, mp_exchange3d, exchange_r2d_tile, mp_exchange2d, exchange_r2d_tile, mp_exchange2d, exchange_u2d_tile, mp_exchange2d, exchange_v2d_tile, mp_exchange2d, exchange_u2d_tile, mp_exchange2d, exchange_v2d_tile, mp_exchange2d, exchange_r2d_tile, mp_exchange2d, exchange_r2d_tile, mp_exchange2d, exchange_r2d_tile, mp_exchange2d, exchange_r2d_tile, mp_exchange2d, exchange_r2d_tile, mp_exchange2d, exchange_r2d_tile, mp_exchange2d, exchange_r2d_tile, mp_exchange2d, exchange_r2d_tile, mp_exchange2d, exchange_r2d_tile, mp_exchange2d, exchange_r2d_tile, mp_exchange2d, exchange_r2d_tile, mp_exchange2d, exchange_r2d_tile, mp_exchange2d, exchange_p2d_tile, mp_exchange2d, exchange_p2d_tile, mp_exchange2d, exchange_p3d_tile, mp_exchange3d, exchange_p3d_tile, mp_exchange3d, exchange_r2d_tile, mp_exchange2d, exchange_u2d_tile, mp_exchange2d, exchange_v2d_tile, mp_exchange2d, exchange_u3d_tile, mp_exchange3d, exchange_v3d_tile, mp_exchange3d, exchange_r3d_tile, mp_exchange3d, exchange_u3d_tile, mp_exchange3d, exchange_v3d_tile, mp_exchange3d, exchange_r3d_tile, mp_exchange3d, exchange_u3d_tile, mp_exchange3d, exchange_v3d_tile, mp_exchange3d, exchange_u3d_tile, mp_exchange3d, exchange_v3d_tile, mp_exchange3d
set_contact,set_contact.f90,mpi_comm_rank, mpi_comm_size, netcdf_open, netcdf_inq_var, netcdf_get_dim, netcdf_get_dim, netcdf_get_dim, netcdf_get_dim, netcdf_get_ivar, netcdf_get_ivar, netcdf_get_lvar, netcdf_get_lvar, netcdf_get_lvar, netcdf_get_lvar, netcdf_get_ivar, netcdf_get_lvar, netcdf_get_ivar, netcdf_get_ivar, netcdf_get_ivar, netcdf_get_ivar, netcdf_get_ivar, netcdf_get_ivar, netcdf_get_ivar, netcdf_get_ivar, netcdf_get_ivar, netcdf_get_ivar, netcdf_get_ivar, netcdf_get_ivar, netcdf_get_ivar, netcdf_get_ivar, netcdf_get_ivar, netcdf_get_ivar, netcdf_get_ivar, netcdf_get_ivar, netcdf_get_fvar, netcdf_get_fvar, netcdf_get_fvar, netcdf_get_fvar, netcdf_get_fvar, netcdf_get_fvar, netcdf_get_fvar, netcdf_get_fvar, netcdf_get_fvar, netcdf_get_fvar, netcdf_get_fvar, netcdf_close
set_data,set_data.f90,wclock_on, set_data_tile, wclock_off
set_data_tile,set_data.f90,set_ngfld, set_ngfld, set_2dfld_tile, set_2dfld_tile, set_2dfld_tile, set_2dfld_tile, set_2dfld_tile, set_2dfld_tile, exchange_r2d_tile, exchange_r2d_tile, mp_exchange2d, set_2dfld_tile, ana_btflux, ana_btflux, set_2dfld_tile, ana_fsobc, ana_m2obc, set_ngfld, set_ngfld, set_ngfld, set_ngfld, set_ngfld, set_ngfld, set_ngfld, set_ngfld, set_ngfld, set_ngfld, set_ngfld, set_ngfld, set_2dfld_tile, set_2dfld_tile, set_2dfld_tile, set_3dfld_tile, set_3dfld_tile, set_3dfld_tile
set_depth,set_depth.f90,wclock_on, set_depth_tile, wclock_off
set_depth0,set_depth.f90,wclock_on, set_depth0_tile, wclock_off
set_depth0_tile,set_depth.f90,exchange_w3d_tile, exchange_r3d_tile, mp_exchange3d, mp_exchange3d
set_depth_mod,set_depth.f90,
set_depth_tile,set_depth.f90,exchange_r2d_tile, exchange_w3d_tile, exchange_r3d_tile, exchange_r3d_tile, mp_exchange2d, mp_exchange3d, mp_exchange3d
set_diags,set_diags.f90,
set_grid,set_grid.f90,get_grid, mp_bcasti, set_scoord, set_weights, metrics, nesting, get_nudgcoef, mp_bcasti
set_masks,set_masks.f90,wclock_on, set_masks_tile, wclock_off
set_masks_mod,set_masks.f90,
set_masks_tile,set_masks.f90,exchange_p2d_tile, exchange_r2d_tile, exchange_u2d_tile, exchange_v2d_tile, mp_exchange2d, exchange_p2d_tile, exchange_r2d_tile, exchange_u2d_tile, exchange_v2d_tile, mp_exchange2d
set_massflux,set_massflux.f90,wclock_on, set_massflux_tile, wclock_off
set_massflux_mod,set_massflux.f90,
set_massflux_tile,set_massflux.f90,exchange_u3d_tile, exchange_v3d_tile, mp_exchange3d
set_ngfld,set_ngfld.f90,
set_ngfldr,set_ngfldr.f90,
set_scoord,set_scoord.f90,
set_tides,set_tides.f90,wclock_on, set_tides_tile, wclock_off
set_tides_mod,set_tides.f90,
set_tides_tile,set_tides.f90,exchange_r2d_tile, mp_exchange2d, mp_boundary, mp_boundary, mp_boundary, mp_boundary, exchange_u2d_tile, exchange_v2d_tile, mp_exchange2d, mp_boundary, mp_boundary, mp_boundary, mp_boundary, mp_boundary, mp_boundary, mp_boundary, mp_boundary
set_vbc,set_vbc.f90,wclock_on, set_vbc_tile, wclock_off
set_vbc_mod,set_vbc.f90,
set_vbc_tile,set_vbc.f90,bc_u2d_tile, bc_v2d_tile, mp_exchange2d
set_weights,set_weights.f90,
set_zeta,set_zeta.f90,wclock_on, set_zeta_tile, wclock_off
set_zeta_mod,set_zeta.f90,
set_zeta_tile,set_zeta.f90,exchange_r2d_tile, exchange_r2d_tile, mp_exchange2d
shapiro2d_tile,shapiro.f90,
shapiro3d_tile,shapiro.f90,
shapiro_mod,shapiro.f90,
sqlq,sqlq.f90,
state_addition,state_addition.f90,
state_addition_mod,state_addition.f90,
state_copy,state_copy.f90,
state_copy_mod,state_copy.f90,
state_dotprod,state_dotprod.f90,mp_reduce
state_dotprod_mod,state_dotprod.f90,
state_initialize,state_initialize.f90,
state_initialize_mod,state_initialize.f90,
state_join,state_join.f90,netcdf_open, netcdf_open, netcdf_inq_var, netcdf_get_time, netcdf_put_fvar, time_string, netcdf_close, netcdf_close
state_product,state_product.f90,
state_product_mod,state_product.f90,
state_read,state_read.f90,wclock_on, netcdf_open, netcdf_sync, netcdf_get_time, time_string, netcdf_inq_varid, netcdf_inq_varid, netcdf_inq_varid, netcdf_inq_varid, netcdf_close, wclock_off
state_read_mod,state_read.f90,
state_scale,state_scale.f90,
state_scale_mod,state_scale.f90,
stats_2dfld,stats.f90,my_flush, mp_reduce
stats_3dfld,stats.f90,my_flush, mp_reduce
stats_mod,stats.f90,
stats_modobs,stats_modobs.f90,
stdinp_mod,stdinp_mod.f90,
stdinp_unit,stdinp_mod.f90,my_getarg, mp_bcasts
step2d,step2d.f90,wclock_on, step2d_tile, wclock_off
step2d_mod,step2d.f90,
step2d_tile,step2d.f90,exchange_u2d_tile, exchange_v2d_tile, mp_exchange2d, set_DUV_bc_tile, exchange_r2d_tile, exchange_u2d_tile, exchange_v2d_tile, exchange_u2d_tile, exchange_v2d_tile, mp_exchange2d, mp_exchange2d, exchange_r2d_tile, mp_exchange2d, zetabc_tile, exchange_r2d_tile, mp_exchange2d, u2dbc_tile, v2dbc_tile, obc_flux_tile, exchange_u2d_tile, exchange_v2d_tile, mp_exchange2d
step3d_t,step3d_t.f90,wclock_on, step3d_t_tile, wclock_off
step3d_t_mod,step3d_t.f90,
step3d_t_tile,step3d_t.f90,exchange_r3d_tile, mp_exchange3d, bry_fluxes, mpdata_adiff_tile, t3dbc_tile, exchange_r3d_tile, mp_exchange4d
step3d_uv,step3d_uv.f90,wclock_on, step3d_uv_tile, wclock_off
step3d_uv_mod,step3d_uv.f90,
step3d_uv_tile,step3d_uv.f90,u3dbc_tile, v3dbc_tile, exchange_u3d_tile, exchange_v3d_tile, exchange_u3d_tile, exchange_v3d_tile, exchange_u2d_tile, exchange_v2d_tile, mp_exchange3d, mp_exchange2d
step_floats_mod,step_floats.f90,
stiffness,stiffness.f90,stiffness_tile
stiffness_mod,stiffness.f90,
stiffness_tile,stiffness.f90,mp_reduce
strings_mod,strings.f90,
sum_grad_mod,sum_grad.f90,
sum_imp_mod,sum_imp.f90,
t3dbc,t3dbc_im.f90,t3dbc_tile
t3dbc_mod,t3dbc_im.f90,
t3dbc_tile,t3dbc_im.f90,
t3dmix4,t3dmix.f90,wclock_on, t3dmix4_tile, wclock_off
t3dmix4_tile,t3dmix.f90,
t3dmix_mod,t3dmix.f90,
tadv_putatt,tadv.f90,
tadv_report,tadv.f90,mp_barrier, my_flush, mp_barrier, mp_collect, my_flush, mp_reduce
tile_bounds_1d,get_bounds.f90,
tile_bounds_2d,get_bounds.f90,
tile_neighbors,mp_exchange.f90,
time_corr,time_corr.f90,
time_string,dateclock.f90,caldate
time_units,dateclock.f90,
tkebc_mod,tkebc_im.f90,
u2dbc,u2dbc_im.f90,u2dbc_tile
u2dbc_mod,u2dbc_im.f90,
u2dbc_tile,u2dbc_im.f90,
u3dbc,u3dbc_im.f90,u3dbc_tile
u3dbc_mod,u3dbc_im.f90,
u3dbc_tile,u3dbc_im.f90,
uppercase,strings.f90,
uv3dmix2,uv3dmix.f90,wclock_on, uv3dmix2_tile, wclock_off
uv3dmix2_tile,uv3dmix.f90,
uv3dmix_mod,uv3dmix.f90,
uv_rotate2d,uv_rotate.f90,exchange_r2d_tile, exchange_r2d_tile, mp_exchange2d
uv_rotate3d,uv_rotate.f90,exchange_r3d_tile, exchange_r3d_tile, mp_exchange3d
uv_rotate_mod,uv_rotate.f90,
v2dbc,v2dbc_im.f90,v2dbc_tile
v2dbc_mod,v2dbc_im.f90,
v2dbc_tile,v2dbc_im.f90,
v3dbc,v3dbc_im.f90,v3dbc_tile
v3dbc_mod,v3dbc_im.f90,
v3dbc_tile,v3dbc_im.f90,
var_bounds,get_bounds.f90,
vorticity,vorticity.f90,wclock_on, vorticity_tile, wclock_off
vorticity_mod,vorticity.f90,
vorticity_tile,vorticity.f90,exchange_p3d_tile, exchange_p3d_tile, mp_exchange3d, exchange_p2d_tile, exchange_p2d_tile, mp_exchange2d
vwalk_floats_mod,vwalk_floats.f90,
wetdry_mod,wetdry.f90,
white_noise1d,white_noise.f90,random_number, gasdev
white_noise2d,white_noise.f90,random_number, gasdev, mp_scatter2d
white_noise2d_bry,white_noise.f90,random_number, gasdev, mp_bcastf, mp_exchange2d_bry
white_noise3d,white_noise.f90,random_number, gasdev, mp_scatter3d
white_noise3d_bry,white_noise.f90,random_number, gasdev, mp_bcastf, mp_exchange3d_bry
white_noise_mod,white_noise.f90,
wpoints_mod,wpoints.f90,
wrt_aug_imp,wrt_aug_imp.f90,
wrt_avg,wrt_avg.f90,netcdf_put_fvar, netcdf_sync
wrt_dai,wrt_dai.f90,
wrt_diags,wrt_diags.f90,
wrt_error,wrt_error.f90,
wrt_evolved,wrt_evolved.f90,
wrt_floats,wrt_floats.f90,
wrt_gst,wrt_gst.f90,
wrt_hessian,wrt_hessian.f90,
wrt_his,wrt_his.f90,netcdf_put_fvar, uv_rotate2d, uv_rotate3d, scale_omega, netcdf_sync
wrt_impulse,wrt_impulse.f90,
wrt_info,wrt_info.f90,netcdf_inq_var, netcdf_put_ivar, netcdf_put_ivar, netcdf_put_fvar, netcdf_put_fvar, netcdf_put_fvar, netcdf_put_ivar, netcdf_put_ivar, netcdf_put_ivar, netcdf_put_ivar, netcdf_put_ivar, netcdf_put_ivar, netcdf_put_fvar, netcdf_put_fvar, netcdf_put_fvar, netcdf_put_fvar, netcdf_put_fvar, netcdf_put_lvar, netcdf_put_lvar, netcdf_put_fvar, netcdf_put_fvar, netcdf_put_fvar, netcdf_put_fvar, netcdf_put_fvar, netcdf_put_fvar, netcdf_put_fvar, netcdf_put_fvar, netcdf_put_fvar, netcdf_put_fvar, netcdf_put_fvar, netcdf_put_fvar, netcdf_put_fvar, netcdf_put_fvar, netcdf_put_fvar, netcdf_put_fvar, netcdf_put_fvar, netcdf_put_fvar, netcdf_put_fvar, netcdf_put_fvar, netcdf_put_lvar, netcdf_put_lvar, netcdf_put_lvar, netcdf_put_lvar, netcdf_put_lvar, netcdf_put_lvar, netcdf_put_lvar, netcdf_put_lvar, netcdf_put_lvar, netcdf_put_lvar, netcdf_put_lvar, netcdf_put_fvar, netcdf_put_fvar, netcdf_put_ivar, netcdf_put_ivar, netcdf_put_fvar, netcdf_put_fvar, netcdf_put_fvar, netcdf_put_fvar, netcdf_put_ivar, netcdf_put_fvar, netcdf_put_fvar, netcdf_put_fvar, netcdf_put_fvar, netcdf_put_fvar, netcdf_sync, mp_bcasti
wrt_ini_mod,wrt_ini.f90,
wrt_quick,wrt_quick.f90,netcdf_put_fvar, uv_rotate2d, uv_rotate3d, scale_omega, netcdf_sync
wrt_rst,wrt_rst.f90,netcdf_put_fvar, netcdf_sync
wrt_state,wrt_state.f90,
wrt_station,wrt_station.f90,
wrt_tides,wrt_tides.f90,
wvelocity,wvelocity.f90,wvelocity_tile
wvelocity_mod,wvelocity.f90,
wvelocity_tile,wvelocity.f90,exchange_u2d_tile, exchange_v2d_tile, mp_exchange2d, bc_w3d_tile, mp_exchange3d
z_weights,nesting.f90,mp_assemble, mp_assemble, mp_assemble, mp_assemble, mp_assemble, mp_assemble, mp_assemble, mp_assemble, mp_assemble
zeta_balance_mod,zeta_balance.f90,
zetabc,zetabc.f90,zetabc_tile
zetabc_mod,zetabc.f90,
zetabc_tile,zetabc.f90,
